{"v":"5.5.7","meta":{"g":"LottieFiles AE 0.1.21","a":"","k":"","d":"","tc":""},"fr":25,"ip":0,"op":200,"w":1000,"h":650,"nm":"Work frome Home  Coding f","ddd":0,"assets":[],"layers":[{"ddd":0,"ind":1,"ty":4,"nm":"Coffee mug","sr":1,"ks":{"o":{"a":0,"k":100,"ix":11},"r":{"a":0,"k":0,"ix":10},"p":{"a":0,"k":[735.044,554.5,0],"ix":2},"a":{"a":0,"k":[315.044,341.5,0],"ix":1},"s":{"a":0,"k":[100,100,100],"ix":6}},"ao":0,"shapes":[{"ty":"gr","it":[{"ind":0,"ty":"sh","ix":1,"ks":{"a":0,"k":{"i":[[4.7,5.835],[-3.625,5],[3.75,5],[6.125,4.125]],"o":[[-3.625,-4.5],[2.622,-3.616],[-1.756,-2.341],[-8.359,-5.629]],"v":[[13.75,-32.75],[2.5,-41.75],[15.875,-51.375],[-0.375,-58.75]],"c":false},"ix":2},"nm":"Path 2","mn":"ADBE Vector Shape - Group","hd":false},{"ty":"st","c":{"a":0,"k":[0.286274522543,0.321568638086,0.384313732386,1],"ix":3},"o":{"a":0,"k":50,"ix":4},"w":{"a":0,"k":3,"ix":5},"lc":2,"lj":2,"bm":0,"d":[{"n":"d","nm":"dash","v":{"a":0,"k":62,"ix":1}},{"n":"g","nm":"gap","v":{"a":0,"k":68,"ix":2}},{"n":"o","nm":"offset","v":{"a":1,"k":[{"i":{"x":[0.833],"y":[0.833]},"o":{"x":[0.167],"y":[0.167]},"t":0,"s":[63]},{"t":199,"s":[-198.94]}],"ix":7}}],"nm":"Stroke 1","mn":"ADBE Vector Graphic - Stroke","hd":false},{"ty":"tr","p":{"a":0,"k":[303.5,353],"ix":2},"a":{"a":0,"k":[0,0],"ix":1},"s":{"a":0,"k":[100,100],"ix":3},"r":{"a":0,"k":0,"ix":6},"o":{"a":0,"k":100,"ix":7},"sk":{"a":0,"k":0,"ix":4},"sa":{"a":0,"k":0,"ix":5},"nm":"Transform"}],"nm":"Rectangle 3","np":2,"cix":2,"bm":0,"ix":1,"mn":"ADBE Vector Group","hd":false},{"ty":"gr","it":[{"ind":0,"ty":"sh","ix":1,"ks":{"a":0,"k":{"i":[[3.5,6.625],[-3.625,5],[-3.625,5],[5.332,1.137],[-4.31,4.186]],"o":[[-3.5,-6.625],[2.622,-3.616],[2.008,-2.77],[-5.327,-1.136],[7.23,-7.021]],"v":[[5.25,-31.25],[-11,-42.25],[6.5,-48.375],[-2.737,-53.062],[-8.5,-59.875]],"c":false},"ix":2},"nm":"Path 1","mn":"ADBE Vector Shape - Group","hd":false},{"ty":"st","c":{"a":0,"k":[0.286274522543,0.321568638086,0.384313732386,1],"ix":3},"o":{"a":0,"k":50,"ix":4},"w":{"a":0,"k":3,"ix":5},"lc":2,"lj":2,"bm":0,"d":[{"n":"d","nm":"dash","v":{"a":0,"k":62,"ix":1}},{"n":"g","nm":"gap","v":{"a":0,"k":68,"ix":2}},{"n":"o","nm":"offset","v":{"a":1,"k":[{"i":{"x":[0.833],"y":[0.833]},"o":{"x":[0.167],"y":[0.167]},"t":0,"s":[39]},{"t":199,"s":[-222.94]}],"ix":7}}],"nm":"Stroke 1","mn":"ADBE Vector Graphic - Stroke","hd":false},{"ty":"tr","p":{"a":0,"k":[303.5,353],"ix":2},"a":{"a":0,"k":[0,0],"ix":1},"s":{"a":0,"k":[100,100],"ix":3},"r":{"a":0,"k":0,"ix":6},"o":{"a":0,"k":100,"ix":7},"sk":{"a":0,"k":0,"ix":4},"sa":{"a":0,"k":0,"ix":5},"nm":"Transform"}],"nm":"Rectangle 2","np":2,"cix":2,"bm":0,"ix":2,"mn":"ADBE Vector Group","hd":false},{"ty":"gr","it":[{"d":1,"ty":"el","s":{"a":0,"k":[45.375,7],"ix":2},"p":{"a":0,"k":[0,-31],"ix":3},"nm":"Ellipse Path 1","mn":"ADBE Vector Shape - Ellipse","hd":false},{"ty":"fl","c":{"a":0,"k":[0.192156866193,0.215686276555,0.258823543787,1],"ix":4},"o":{"a":0,"k":100,"ix":5},"r":1,"bm":0,"nm":"Fill 2","mn":"ADBE Vector Graphic - Fill","hd":false},{"ind":2,"ty":"sh","ix":3,"ks":{"a":0,"k":{"i":[[0,-2.761],[0,0],[4.375,-0.938],[7.832,0],[3.248,0.758],[0,2.761],[0,0],[-3.438,0.438],[-13.251,-0.044],[-4.125,-0.625]],"o":[[0,0],[0,2.761],[-4.375,0.938],[-7.252,0],[-3.75,-0.875],[0,0],[0,-2.761],[3.438,-0.438],[14,0.047],[3.161,0.479]],"v":[[27.5,-29.5],[27.5,29.5],[22.875,34.688],[-0.875,36.875],[-22.125,34.812],[-27.5,29.5],[-27.5,-29.5],[-22.438,-35],[-0.375,-36.672],[22.375,-34.875]],"c":true},"ix":2},"nm":"Path 1","mn":"ADBE Vector Shape - Group","hd":false},{"ind":3,"ty":"sh","ix":4,"ks":{"a":0,"k":{"i":[[0,-1.677],[1.937,-11.792],[2.66,-0.569],[0,0],[0,0],[-2.727,0.686],[-0.276,2.062],[1.22,1.637],[0,0],[0,0],[-4.979,-1.255]],"o":[[0,0],[-0.338,2.06],[-2.66,0.569],[0,0],[0,0],[2.307,-0.581],[1.243,-9.278],[-1.2,-1.611],[0,0],[0,0],[1.873,0.472]],"v":[[46.47,-22.106],[45.22,13.608],[38.283,18.486],[25.798,19.75],[25.78,13.284],[34.299,13.241],[39.571,9.441],[39.03,-19.298],[25.733,-19.83],[25.272,-26.461],[43.354,-25.37]],"c":true},"ix":2},"nm":"Path 2","mn":"ADBE Vector Shape - Group","hd":false},{"ty":"fl","c":{"a":0,"k":[0.286274522543,0.321568638086,0.384313732386,1],"ix":4},"o":{"a":0,"k":100,"ix":5},"r":1,"bm":0,"nm":"Fill 1","mn":"ADBE Vector Graphic - Fill","hd":false},{"ty":"tr","p":{"a":0,"k":[306.252,353.981],"ix":2},"a":{"a":0,"k":[0,0],"ix":1},"s":{"a":0,"k":[100,100],"ix":3},"r":{"a":0,"k":0,"ix":6},"o":{"a":0,"k":100,"ix":7},"sk":{"a":0,"k":0,"ix":4},"sa":{"a":0,"k":0,"ix":5},"nm":"Transform"}],"nm":"Rectangle 1","np":5,"cix":2,"bm":0,"ix":3,"mn":"ADBE Vector Group","hd":false}],"ip":0,"op":200,"st":0,"bm":0},{"ddd":0,"ind":2,"ty":4,"nm":"Female","sr":1,"ks":{"o":{"a":0,"k":100,"ix":11},"r":{"a":0,"k":0,"ix":10},"p":{"a":0,"k":[502.356,302.355,0],"ix":2},"a":{"a":0,"k":[1565.695,2135.229,0],"ix":1},"s":{"a":0,"k":[43.2,43.2,100],"ix":6}},"ao":0,"shapes":[{"ty":"gr","it":[{"ty":"gr","it":[{"ind":0,"ty":"sh","ix":1,"ks":{"a":0,"k":{"i":[[-18.958,-13.4],[-0.166,-10.581],[14.99,-0.235],[0.166,10.581]],"o":[[18.542,-15.186],[0.166,10.581],[-14.99,0.235],[-0.166,-10.581]],"v":[[4.055,-14.791],[31.05,-1.862],[4.209,17.722],[-23.233,-1.011]],"c":true},"ix":2},"nm":"Path 3","mn":"ADBE Vector Shape - Group","hd":false},{"ty":"fl","c":{"a":0,"k":[0.980392158031,0.980392158031,0.980392158031,1],"ix":4},"o":{"a":0,"k":100,"ix":5},"r":1,"bm":0,"nm":"Fill 1","mn":"ADBE Vector Graphic - Fill","hd":false},{"ind":2,"ty":"sh","ix":3,"ks":{"a":0,"k":{"i":[[13.91,0],[0,0],[2.3,13.23],[0,0],[-17.61,0],[0,0],[2.91,-16.74],[0,0]],"o":[[0,0],[-13.91,0],[0,0],[-2.91,-16.74],[0,0],[17.61,0],[0,0],[-2.3,13.23]],"v":[[172.63,147.195],[-172.63,147.195],[-200.72,124.285],[-242.35,-115.215],[-214.26,-147.195],[214.26,-147.195],[242.35,-115.215],[200.72,124.285]],"c":true},"ix":2},"nm":"Path 1","mn":"ADBE Vector Shape - Group","hd":false},{"ty":"fl","c":{"a":0,"k":[0.792156875134,0.792156875134,0.792156875134,1],"ix":4},"o":{"a":0,"k":100,"ix":5},"r":1,"bm":0,"nm":"Fill 3","mn":"ADBE Vector Graphic - Fill","hd":false},{"ind":4,"ty":"sh","ix":5,"ks":{"a":0,"k":{"i":[[13.91,0],[0,0],[2.3,13.72],[0,0],[-17.61,0],[0,0],[2.91,-17.37],[0,0]],"o":[[0,0],[-13.91,0],[0,0],[-2.91,-17.37],[0,0],[17.61,0],[0,0],[-2.3,13.72]],"v":[[172.63,147.195],[-172.63,147.195],[-200.72,123.425],[-242.35,-125.035],[-214.26,-158.215],[214.26,-158.215],[242.35,-125.035],[200.72,123.425]],"c":true},"ix":2},"nm":"Path 2","mn":"ADBE Vector Shape - Group","hd":false},{"ty":"fl","c":{"a":0,"k":[0.631372570992,0.631372570992,0.631372570992,1],"ix":4},"o":{"a":0,"k":100,"ix":5},"r":1,"bm":0,"nm":"Fill 2","mn":"ADBE Vector Graphic - Fill","hd":false},{"ty":"tr","p":{"a":0,"k":[2050.029,2250.388],"ix":2,"x":"var $bm_rt;\n$bm_rt = content('man 1').content('laptop').transform.position;"},"a":{"a":0,"k":[-3.571,132.143],"ix":1},"s":{"a":1,"k":[{"i":{"x":[0.833,0.833],"y":[0.833,0.833]},"o":{"x":[0.167,0.167],"y":[0.167,0.167]},"t":0,"s":[100,100]},{"i":{"x":[0.833,0.833],"y":[0.833,0.833]},"o":{"x":[0.167,0.167],"y":[0.167,0.167]},"t":5,"s":[100,95]},{"i":{"x":[0.833,0.833],"y":[0.833,0.833]},"o":{"x":[0.167,0.167],"y":[0.167,0.167]},"t":9,"s":[100,100]},{"i":{"x":[0.833,0.833],"y":[0.833,0.833]},"o":{"x":[0.167,0.167],"y":[0.167,0.167]},"t":13,"s":[100,95]},{"i":{"x":[0.833,0.833],"y":[0.833,0.833]},"o":{"x":[0.167,0.167],"y":[0.167,0.167]},"t":17,"s":[100,100]},{"t":20,"s":[100,100]}],"ix":3,"x":"var $bm_rt;\n$bm_rt = loopOut();"},"r":{"a":1,"k":[{"i":{"x":[0.833],"y":[0.833]},"o":{"x":[0.167],"y":[0.167]},"t":0,"s":[0]},{"i":{"x":[0.833],"y":[0.833]},"o":{"x":[0.167],"y":[0.167]},"t":3,"s":[3]},{"i":{"x":[0.833],"y":[0.833]},"o":{"x":[0.167],"y":[0.167]},"t":8,"s":[3]},{"i":{"x":[0.833],"y":[0.833]},"o":{"x":[0.167],"y":[0.167]},"t":11,"s":[0]},{"i":{"x":[0.833],"y":[0.833]},"o":{"x":[0.167],"y":[0.167]},"t":14,"s":[-3]},{"i":{"x":[0.833],"y":[0.833]},"o":{"x":[0.167],"y":[0.167]},"t":17,"s":[-3]},{"t":20,"s":[0]}],"ix":6,"x":"var $bm_rt;\n$bm_rt = loopOut();"},"o":{"a":0,"k":100,"ix":7},"sk":{"a":0,"k":0,"ix":4,"x":"var $bm_rt;\n$bm_rt = content('man 1').content('laptop').transform.skew;"},"sa":{"a":0,"k":0,"ix":5},"nm":"Transform"}],"nm":"laptop","np":6,"cix":2,"bm":0,"ix":1,"mn":"ADBE Vector Group","hd":false},{"ty":"gr","it":[{"ind":0,"ty":"sh","ix":1,"ks":{"a":0,"k":{"i":[[0,0],[32.586,-55.04],[-38.6,8.93]],"o":[[-2.07,-0.36],[-34.781,58.747],[38.59,-8.92]],"v":[[-161.88,-5.455],[-437.305,0.468],[-333.615,42.343]],"c":true},"ix":2},"nm":"Path 2","mn":"ADBE Vector Shape - Group","hd":false},{"ind":1,"ty":"sh","ix":2,"ks":{"a":0,"k":{"i":[[0,0],[-29.358,1.876],[2.386,0.576],[-7.846,-0.811],[35.501,-43.543],[47.784,35.264]],"o":[[0,0],[33.45,-2.137],[-1.249,-0.302],[62.18,6.43],[-24.796,30.413],[-20.774,-15.331]],"v":[[-116.736,9.663],[-87.828,-48.758],[-218.222,-96.263],[-62.595,-53.822],[74.585,35.051],[-28.203,44.57]],"c":true},"ix":2},"nm":"Path 1","mn":"ADBE Vector Shape - Group","hd":false},{"ty":"fl","c":{"a":0,"k":[0.286274522543,0.321568638086,0.384313732386,1],"ix":4},"o":{"a":0,"k":100,"ix":5},"r":1,"bm":0,"nm":"Fill 1","mn":"ADBE Vector Graphic - Fill","hd":false},{"ty":"tr","p":{"a":0,"k":[2261.08,2368.785],"ix":2},"a":{"a":0,"k":[0,0],"ix":1},"s":{"a":0,"k":[100,100],"ix":3},"r":{"a":0,"k":0,"ix":6},"o":{"a":0,"k":100,"ix":7},"sk":{"a":0,"k":0,"ix":4},"sa":{"a":0,"k":0,"ix":5},"nm":"Transform"}],"nm":"feet","np":3,"cix":2,"bm":0,"ix":2,"mn":"ADBE Vector Group","hd":false},{"ty":"gr","it":[{"ind":0,"ty":"sh","ix":1,"ks":{"a":0,"k":{"i":[[-7.082,20.877],[-20.38,2.19],[-17.08,-3.29],[-6.57,-17.09],[-4.376,-9.118],[-14.524,-6.613],[1.995,10.599],[-1.97,32.87],[26.29,14.45],[69.871,-38.4],[4.758,-25.53],[3.967,-48.874],[-1.03,-8.533],[0,0],[5.568,22.5],[-6.386,4.879]],"o":[[0,0],[20.37,-2.19],[17.09,3.29],[1.103,2.868],[3.761,7.836],[-12.498,-19.923],[-7.985,-42.411],[1.97,-32.86],[-26.29,-14.46],[-22.816,12.54],[-7.656,41.08],[-0.389,4.791],[1.22,10.106],[0,0],[-5.568,-22.5],[7.776,-5.941]],"v":[[-47.078,-60.365],[20.125,-39.02],[53.635,-67.06],[74.015,-4.62],[80.297,15.689],[81.602,73.317],[91.267,16.233],[97.675,-65.75],[58.895,-134.75],[-68.186,-144.028],[-114.072,-73.964],[-95.616,1.493],[-86.702,24.116],[-89.8,47.973],[-80.273,17.874],[-73.221,-21.105]],"c":true},"ix":2},"nm":"Path 4","mn":"ADBE Vector Shape - Group","hd":false},{"ind":1,"ty":"sh","ix":2,"ks":{"a":0,"k":{"i":[[58.49,-17.75],[1.738,-29.556],[-36.451,-3.904],[-1.692,-1.522],[-50.678,-0.951],[-2.628,28.494]],"o":[[-20.846,6.321],[-2.987,50.82],[-13.857,-15.147],[9.266,8.336],[-45.52,-53.618],[11.595,-125.721]],"v":[[-27.855,-158.41],[-59.355,-104.494],[39.792,3.422],[25.766,-28.974],[100.465,11.767],[118.568,-4.295]],"c":true},"ix":2},"nm":"Path 5","mn":"ADBE Vector Shape - Group","hd":false},{"ty":"fl","c":{"a":0,"k":[0.929411768913,0.149019613862,0.243137255311,1],"ix":4},"o":{"a":0,"k":100,"ix":5},"r":1,"bm":0,"nm":"Fill 2","mn":"ADBE Vector Graphic - Fill","hd":false},{"ty":"tr","p":{"a":0,"k":[2050.735,1733.971],"ix":2},"a":{"a":0,"k":[0,122.321],"ix":1},"s":{"a":0,"k":[100,100],"ix":3},"r":{"a":1,"k":[{"i":{"x":[0.28],"y":[1]},"o":{"x":[0.333],"y":[0]},"t":0,"s":[0]},{"i":{"x":[0.28],"y":[1]},"o":{"x":[0.333],"y":[0]},"t":9,"s":[-4.928]},{"i":{"x":[0.28],"y":[1]},"o":{"x":[0.333],"y":[0]},"t":15,"s":[-4.928]},{"i":{"x":[0.28],"y":[1]},"o":{"x":[0.333],"y":[0]},"t":26,"s":[5.005]},{"i":{"x":[0.28],"y":[1]},"o":{"x":[0.333],"y":[0]},"t":32,"s":[5.005]},{"i":{"x":[0.28],"y":[1]},"o":{"x":[0.333],"y":[0]},"t":40,"s":[0]},{"t":50,"s":[0]}],"ix":6,"x":"var $bm_rt;\n$bm_rt = loopOut();"},"o":{"a":0,"k":100,"ix":7},"sk":{"a":0,"k":0,"ix":4},"sa":{"a":0,"k":0,"ix":5},"nm":"Transform"}],"nm":"hair","np":3,"cix":2,"bm":0,"ix":3,"mn":"ADBE Vector Group","hd":false},{"ty":"gr","it":[{"ind":0,"ty":"sh","ix":1,"ks":{"a":0,"k":{"i":[[0,-62.07],[48.2,0],[0,62.07],[-48.2,0]],"o":[[0,62.07],[-48.2,0],[0,-62.07],[48.2,0]],"v":[[87.275,0],[-0.005,112.38],[-87.275,0],[-0.005,-112.38]],"c":true},"ix":2},"nm":"Path 1","mn":"ADBE Vector Shape - Group","hd":false},{"ind":1,"ty":"sh","ix":2,"ks":{"a":0,"k":{"i":[[-9.65,-15.49],[7.36,-7.6],[9.65,15.49],[-7.36,7.6]],"o":[[9.64,15.5],[-7.36,7.61],[-9.64,-15.49],[7.36,-7.6]],"v":[[-87.245,-17.12],[-83.115,24.69],[-113.905,10.41],[-118.035,-31.4]],"c":true},"ix":2},"nm":"Path 2","mn":"ADBE Vector Shape - Group","hd":false},{"ind":2,"ty":"sh","ix":3,"ks":{"a":0,"k":{"i":[[8.34,-17.02],[8.37,5.38],[-8.34,17.02],[-8.37,-5.38]],"o":[[-8.34,17.03],[-8.36,-5.38],[8.34,-17.03],[8.37,5.38]],"v":[[109.095,1.09],[78.845,22.18],[78.795,-18.38],[109.045,-39.47]],"c":true},"ix":2},"nm":"Path 3","mn":"ADBE Vector Shape - Group","hd":false},{"ty":"fl","c":{"a":0,"k":[1,0.780392229557,0.827451050282,1],"ix":4},"o":{"a":0,"k":100,"ix":5},"r":1,"bm":0,"nm":"Fill 1","mn":"ADBE Vector Graphic - Fill","hd":false},{"ty":"tr","p":{"a":0,"k":[2050.735,1733.971],"ix":2},"a":{"a":0,"k":[0,122.321],"ix":1},"s":{"a":0,"k":[100,100],"ix":3},"r":{"a":1,"k":[{"i":{"x":[0.28],"y":[1]},"o":{"x":[0.333],"y":[0]},"t":0,"s":[0]},{"i":{"x":[0.28],"y":[1]},"o":{"x":[0.333],"y":[0]},"t":9,"s":[-4.928]},{"i":{"x":[0.28],"y":[1]},"o":{"x":[0.333],"y":[0]},"t":15,"s":[-4.928]},{"i":{"x":[0.28],"y":[1]},"o":{"x":[0.333],"y":[0]},"t":26,"s":[5.005]},{"i":{"x":[0.28],"y":[1]},"o":{"x":[0.333],"y":[0]},"t":32,"s":[5.005]},{"i":{"x":[0.28],"y":[1]},"o":{"x":[0.333],"y":[0]},"t":40,"s":[0]},{"t":50,"s":[0]}],"ix":6,"x":"var $bm_rt;\n$bm_rt = loopOut();"},"o":{"a":0,"k":100,"ix":7},"sk":{"a":0,"k":0,"ix":4},"sa":{"a":0,"k":0,"ix":5},"nm":"Transform"}],"nm":"face","np":4,"cix":2,"bm":0,"ix":4,"mn":"ADBE Vector Group","hd":false},{"ty":"gr","it":[{"ind":0,"ty":"sh","ix":1,"ks":{"a":0,"k":{"i":[[27.91,0],[0,-27.91],[0,0],[-42.61,33.01],[0,0]],"o":[[-27.91,0],[0,0],[29.92,25],[0,0],[0,-27.91]],"v":[[0,-107.71],[-50.75,-56.96],[-50.75,82.71],[50.75,61.6],[50.75,-56.96]],"c":true},"ix":2},"nm":"Path 1","mn":"ADBE Vector Shape - Group","hd":false},{"ty":"fl","c":{"a":0,"k":[0.905882358551,0.603921592236,0.668627440929,1],"ix":4},"o":{"a":0,"k":100,"ix":5},"r":1,"bm":0,"nm":"Fill 1","mn":"ADBE Vector Graphic - Fill","hd":false},{"ind":2,"ty":"sh","ix":3,"ks":{"a":0,"k":{"i":[[27.91,0],[0,27.91],[0,0],[-27.91,0],[0,-27.91],[0,0]],"o":[[-27.91,0],[0,0],[0,-27.91],[27.91,0],[0,0],[0,27.91]],"v":[[0,164.6],[-50.75,113.85],[-50.75,-56.96],[0,-107.71],[50.75,-56.96],[50.75,113.85]],"c":true},"ix":2},"nm":"Path 2","mn":"ADBE Vector Shape - Group","hd":false},{"ty":"fl","c":{"a":0,"k":[1,0.780392169952,0.826897323132,1],"ix":4},"o":{"a":0,"k":100,"ix":5},"r":1,"bm":0,"nm":"Fill 2","mn":"ADBE Vector Graphic - Fill","hd":false},{"ty":"tr","p":{"a":0,"k":[2048.45,1662.8],"ix":2},"a":{"a":0,"k":[0,0],"ix":1},"s":{"a":0,"k":[100,100],"ix":3},"r":{"a":0,"k":0,"ix":6},"o":{"a":0,"k":100,"ix":7},"sk":{"a":0,"k":0,"ix":4},"sa":{"a":0,"k":0,"ix":5},"nm":"Transform"}],"nm":"nake","np":4,"cix":2,"bm":0,"ix":5,"mn":"ADBE Vector Group","hd":false},{"ty":"gr","it":[{"ind":0,"ty":"sh","ix":1,"ks":{"a":0,"k":{"i":[[-0.154,-19.769],[87.175,-16.072]],"o":[[0.26,33.281],[-241.629,44.546]],"v":[[306.77,87.135],[70.731,165.581]],"c":false},"ix":2},"nm":"Path 3","mn":"ADBE Vector Shape - Group","hd":false},{"ty":"st","c":{"a":0,"k":[0.654901981354,0.0941176489,0.160784319043,1],"ix":3},"o":{"a":0,"k":100,"ix":4},"w":{"a":0,"k":80,"ix":5},"lc":2,"lj":2,"bm":0,"nm":"Stroke 1","mn":"ADBE Vector Graphic - Stroke","hd":false},{"ty":"tr","p":{"a":0,"k":[2368.497,2075.259],"ix":2},"a":{"a":0,"k":[306.027,87.054],"ix":1},"s":{"a":0,"k":[100,100],"ix":3},"r":{"a":1,"k":[{"i":{"x":[0.833],"y":[0.833]},"o":{"x":[0.167],"y":[0.167]},"t":0,"s":[17]},{"i":{"x":[0.833],"y":[0.833]},"o":{"x":[0.167],"y":[0.167]},"t":3,"s":[-1]},{"i":{"x":[0.833],"y":[0.833]},"o":{"x":[0.167],"y":[0.167]},"t":6,"s":[17]},{"i":{"x":[0.833],"y":[0.833]},"o":{"x":[0.167],"y":[0.167]},"t":10,"s":[17]},{"i":{"x":[0.833],"y":[0.833]},"o":{"x":[0.167],"y":[0.167]},"t":14,"s":[-5]},{"i":{"x":[0.833],"y":[0.833]},"o":{"x":[0.167],"y":[0.167]},"t":16,"s":[17]},{"t":20,"s":[17]}],"ix":6,"x":"var $bm_rt;\n$bm_rt = loopOut();"},"o":{"a":0,"k":100,"ix":7},"sk":{"a":0,"k":0,"ix":4},"sa":{"a":0,"k":0,"ix":5},"nm":"Transform"}],"nm":"hand 3","np":2,"cix":2,"bm":0,"ix":6,"mn":"ADBE Vector Group","hd":false},{"ty":"gr","it":[{"ind":0,"ty":"sh","ix":1,"ks":{"a":0,"k":{"i":[[0.161,-19.769],[-91.072,-16.072]],"o":[[-0.271,33.281],[252.429,44.546]],"v":[[-344.917,92.492],[-98.327,170.938]],"c":false},"ix":2},"nm":"Path 2","mn":"ADBE Vector Shape - Group","hd":false},{"ty":"st","c":{"a":0,"k":[0.654901981354,0.0941176489,0.160784319043,1],"ix":3},"o":{"a":0,"k":100,"ix":4},"w":{"a":0,"k":80,"ix":5},"lc":2,"lj":2,"bm":0,"nm":"Stroke 1","mn":"ADBE Vector Graphic - Stroke","hd":false},{"ty":"tr","p":{"a":0,"k":[1716.934,2081.062],"ix":2},"a":{"a":0,"k":[-345.536,92.857],"ix":1},"s":{"a":0,"k":[100,100],"ix":3},"r":{"a":1,"k":[{"i":{"x":[0.833],"y":[0.833]},"o":{"x":[0.167],"y":[0.167]},"t":0,"s":[-19]},{"i":{"x":[0.833],"y":[0.833]},"o":{"x":[0.167],"y":[0.167]},"t":6,"s":[-19]},{"i":{"x":[0.833],"y":[0.833]},"o":{"x":[0.167],"y":[0.167]},"t":11,"s":[-2]},{"i":{"x":[0.833],"y":[0.833]},"o":{"x":[0.167],"y":[0.167]},"t":14,"s":[-7.667]},{"i":{"x":[0.833],"y":[0.833]},"o":{"x":[0.167],"y":[0.167]},"t":16,"s":[1.667]},{"t":20,"s":[-19]}],"ix":6,"x":"var $bm_rt;\n$bm_rt = loopOut();"},"o":{"a":0,"k":100,"ix":7},"sk":{"a":0,"k":0,"ix":4},"sa":{"a":0,"k":0,"ix":5},"nm":"Transform"}],"nm":"hand 2","np":2,"cix":2,"bm":0,"ix":7,"mn":"ADBE Vector Group","hd":false},{"ty":"gr","it":[{"ind":0,"ty":"sh","ix":1,"ks":{"a":0,"k":{"i":[[-6.659,-65.609],[-61.212,71.125],[-3.324,18.183],[18.177,-0.117],[63.726,-10.229],[-0.609,40.964]],"o":[[5.666,55.823],[39.465,-45.855],[-31.303,56.28],[-37.869,0.243],[-128.369,20.605],[-23.339,53.629]],"v":[[-143.866,38.832],[107.314,55.738],[167.665,-89.8],[89.378,-36.962],[-49.506,-46.023],[-175.947,-170.482]],"c":true},"ix":2},"nm":"Path 1","mn":"ADBE Vector Shape - Group","hd":false},{"ty":"fl","c":{"a":0,"k":[0.654901981354,0.0941176489,0.160784319043,1],"ix":4},"o":{"a":0,"k":100,"ix":5},"r":1,"bm":0,"nm":"Fill 2","mn":"ADBE Vector Graphic - Fill","hd":false},{"ind":2,"ty":"sh","ix":3,"ks":{"a":0,"k":{"i":[[0,0],[12.154,-35.564],[-4.743,-32.35],[-6.659,-65.61],[-55.443,-19.317],[0,0],[-10.619,106.977],[-7.56,41.36],[7.856,29.728],[0,0]],"o":[[-13.59,2.14],[-2.671,7.816],[7.794,53.165],[10.111,99.619],[116.92,40.74],[0,0],[6.19,-62.355],[7.511,-41.091],[-8.572,-32.437],[0,0]],"v":[[-40.763,-255.247],[-197.551,-186.035],[-196.664,-90.736],[-155.44,58.508],[-93.363,252.701],[118.477,242.285],[136.212,55.237],[179.24,-85.749],[177.92,-193.791],[25.707,-255.247]],"c":true},"ix":2},"nm":"Path 2","mn":"ADBE Vector Shape - Group","hd":false},{"ty":"fl","c":{"a":0,"k":[0.654901981354,0.0941176489,0.160784319043,1],"ix":4},"o":{"a":0,"k":100,"ix":5},"r":1,"bm":0,"nm":"Fill 1","mn":"ADBE Vector Graphic - Fill","hd":false},{"ty":"tr","p":{"a":0,"k":[2064.777,1992.644],"ix":2},"a":{"a":0,"k":[0,0],"ix":1},"s":{"a":0,"k":[100,100],"ix":3},"r":{"a":0,"k":0,"ix":6},"o":{"a":0,"k":100,"ix":7},"sk":{"a":0,"k":0,"ix":4},"sa":{"a":0,"k":0,"ix":5},"nm":"Transform"}],"nm":"body","np":4,"cix":2,"bm":0,"ix":8,"mn":"ADBE Vector Group","hd":false},{"ty":"gr","it":[{"ind":0,"ty":"sh","ix":1,"ks":{"a":0,"k":{"i":[[0,0],[0.161,-19.769]],"o":[[0,0],[-0.271,33.281]],"v":[[-162.282,-165.372],[-344.917,92.492]],"c":false},"ix":2},"nm":"Path 2","mn":"ADBE Vector Shape - Group","hd":false},{"ind":1,"ty":"sh","ix":2,"ks":{"a":0,"k":{"i":[[0,0],[-0.154,-19.769]],"o":[[46.835,63.714],[0.26,33.281]],"v":[[143.925,-175.359],[306.77,87.135]],"c":false},"ix":2},"nm":"Path 3","mn":"ADBE Vector Shape - Group","hd":false},{"ty":"st","c":{"a":0,"k":[0.654901981354,0.0941176489,0.160784319043,1],"ix":3},"o":{"a":0,"k":100,"ix":4},"w":{"a":0,"k":80,"ix":5},"lc":2,"lj":2,"bm":0,"nm":"Stroke 1","mn":"ADBE Vector Graphic - Stroke","hd":false},{"ty":"tr","p":{"a":0,"k":[2062.47,1988.205],"ix":2},"a":{"a":0,"k":[0,0],"ix":1},"s":{"a":0,"k":[100,100],"ix":3},"r":{"a":0,"k":0,"ix":6},"o":{"a":0,"k":100,"ix":7},"sk":{"a":0,"k":0,"ix":4},"sa":{"a":0,"k":0,"ix":5},"nm":"Transform"}],"nm":"hand","np":3,"cix":2,"bm":0,"ix":9,"mn":"ADBE Vector Group","hd":false},{"ty":"gr","it":[{"ind":0,"ty":"sh","ix":1,"ks":{"a":0,"k":{"i":[[0,0],[50.68,24.865],[70.899,-57.304],[-94.377,-33.146],[-124.193,1.748],[-32.4,0.77],[50.635,108.067],[102.019,-1.593]],"o":[[0,0],[-136.077,-66.764],[-67.621,54.654],[99.02,34.777],[186.559,-2.626],[241.11,-18.47],[-50.515,-107.813],[-85.38,1.333]],"v":[[-32.97,53.8],[-150.379,14.584],[-520.55,-73.58],[-463.022,90.127],[-174.994,139.359],[70.3,166.98],[471.235,-75.154],[46.71,-25.124]],"c":true},"ix":2},"nm":"Path 1","mn":"ADBE Vector Shape - Group","hd":false},{"ty":"fl","c":{"a":0,"k":[0.192156866193,0.215686276555,0.258823543787,1],"ix":4},"o":{"a":0,"k":100,"ix":5},"r":1,"bm":0,"nm":"Fill 1","mn":"ADBE Vector Graphic - Fill","hd":false},{"ty":"tr","p":{"a":0,"k":[2087.14,2210.99],"ix":2},"a":{"a":0,"k":[0,0],"ix":1},"s":{"a":0,"k":[100,100],"ix":3},"r":{"a":0,"k":0,"ix":6},"o":{"a":0,"k":100,"ix":7},"sk":{"a":0,"k":0,"ix":4},"sa":{"a":0,"k":0,"ix":5},"nm":"Transform"}],"nm":"leg","np":2,"cix":2,"bm":0,"ix":10,"mn":"ADBE Vector Group","hd":false},{"ty":"gr","it":[{"ind":0,"ty":"sh","ix":1,"ks":{"a":1,"k":[{"i":{"x":0.667,"y":1},"o":{"x":0.333,"y":0},"t":0,"s":[{"i":[[77.695,3.939],[-6.688,-147.898],[-98.929,-49.126],[-53.114,40.692],[13.486,31.925],[20.57,46.892]],"o":[[-57.778,-2.929],[3.246,71.788],[19.083,9.476],[52.24,-40.022],[-20.842,-49.339],[-17.896,-40.798]],"v":[[-9.369,-162.043],[-140.65,24.725],[-94.317,323.662],[106.125,334.415],[144.442,140.743],[120.059,-86.793]],"c":true}]},{"i":{"x":0.667,"y":1},"o":{"x":0.333,"y":0},"t":9,"s":[{"i":[[77.695,3.939],[-6.688,-147.898],[-95.93,-54.751],[-55.373,37.561],[11.622,32.649],[20.57,46.892]],"o":[[-57.778,-2.929],[3.246,71.788],[18.505,10.561],[54.461,-36.943],[-17.961,-50.459],[-17.896,-40.798]],"v":[[-9.369,-162.043],[-140.65,24.725],[-115.953,318.379],[83.536,340.674],[132.959,149.535],[120.059,-86.793]],"c":true}]},{"i":{"x":0.667,"y":1},"o":{"x":0.333,"y":0},"t":15,"s":[{"i":[[77.695,3.939],[-6.688,-147.898],[-95.93,-54.751],[-55.373,37.561],[11.622,32.649],[20.57,46.892]],"o":[[-57.778,-2.929],[3.246,71.788],[18.505,10.561],[54.461,-36.943],[-17.961,-50.459],[-17.896,-40.798]],"v":[[-9.369,-162.043],[-140.65,24.725],[-115.953,318.379],[83.536,340.674],[132.959,149.535],[120.059,-86.793]],"c":true}]},{"i":{"x":0.667,"y":1},"o":{"x":0.333,"y":0},"t":26,"s":[{"i":[[77.695,3.939],[-6.688,-147.898],[-98.929,-49.126],[-53.114,40.692],[13.486,31.924],[20.57,46.892]],"o":[[-57.778,-2.929],[3.247,71.788],[19.083,9.476],[52.24,-40.022],[-20.842,-49.339],[-17.896,-40.798]],"v":[[-9.369,-162.043],[-140.65,24.725],[-82.787,322.653],[117.655,333.405],[155.972,139.733],[120.059,-86.793]],"c":true}]},{"i":{"x":0.667,"y":1},"o":{"x":0.333,"y":0},"t":32,"s":[{"i":[[77.695,3.939],[-6.688,-147.898],[-98.929,-49.126],[-53.114,40.692],[13.486,31.924],[20.57,46.892]],"o":[[-57.778,-2.929],[3.247,71.788],[19.083,9.476],[52.24,-40.022],[-20.842,-49.339],[-17.896,-40.798]],"v":[[-9.369,-162.043],[-140.65,24.725],[-82.787,322.653],[117.655,333.405],[155.972,139.733],[120.059,-86.793]],"c":true}]},{"i":{"x":0.667,"y":1},"o":{"x":0.333,"y":0},"t":40,"s":[{"i":[[77.695,3.939],[-6.688,-147.898],[-98.929,-49.126],[-53.114,40.692],[13.486,31.924],[20.57,46.892]],"o":[[-57.778,-2.929],[3.247,71.788],[19.083,9.476],[52.24,-40.022],[-20.842,-49.339],[-17.896,-40.798]],"v":[[-9.369,-162.043],[-140.65,24.725],[-94.317,323.662],[106.125,334.415],[144.442,140.743],[120.059,-86.793]],"c":true}]},{"i":{"x":0.667,"y":1},"o":{"x":0.333,"y":0},"t":50,"s":[{"i":[[77.695,3.939],[-6.688,-147.898],[-98.929,-49.126],[-53.114,40.692],[13.486,31.924],[20.57,46.892]],"o":[[-57.778,-2.929],[3.247,71.788],[19.083,9.476],[52.24,-40.022],[-20.842,-49.339],[-17.896,-40.798]],"v":[[-9.369,-162.043],[-140.65,24.725],[-94.317,323.662],[106.125,334.415],[144.442,140.743],[120.059,-86.793]],"c":true}]},{"i":{"x":0.667,"y":1},"o":{"x":0.333,"y":0},"t":59,"s":[{"i":[[77.695,3.939],[-6.688,-147.898],[-95.93,-54.751],[-55.373,37.561],[11.622,32.649],[20.57,46.892]],"o":[[-57.778,-2.929],[3.247,71.788],[18.505,10.561],[54.461,-36.943],[-17.961,-50.459],[-17.896,-40.798]],"v":[[-9.369,-162.043],[-140.65,24.725],[-115.953,318.379],[83.536,340.674],[132.959,149.535],[120.059,-86.793]],"c":true}]},{"i":{"x":0.667,"y":1},"o":{"x":0.333,"y":0},"t":65,"s":[{"i":[[77.695,3.939],[-6.688,-147.898],[-95.93,-54.751],[-55.373,37.561],[11.622,32.649],[20.57,46.892]],"o":[[-57.778,-2.929],[3.247,71.788],[18.505,10.561],[54.461,-36.943],[-17.961,-50.459],[-17.896,-40.798]],"v":[[-9.369,-162.043],[-140.65,24.725],[-115.953,318.379],[83.536,340.674],[132.959,149.535],[120.059,-86.793]],"c":true}]},{"i":{"x":0.667,"y":1},"o":{"x":0.333,"y":0},"t":76,"s":[{"i":[[77.695,3.939],[-6.688,-147.898],[-98.929,-49.126],[-53.114,40.692],[13.486,31.924],[20.57,46.892]],"o":[[-57.778,-2.929],[3.247,71.788],[19.083,9.476],[52.24,-40.022],[-20.842,-49.339],[-17.896,-40.798]],"v":[[-9.369,-162.043],[-140.65,24.725],[-82.787,322.653],[117.655,333.405],[155.972,139.733],[120.059,-86.793]],"c":true}]},{"i":{"x":0.667,"y":1},"o":{"x":0.333,"y":0},"t":82,"s":[{"i":[[77.695,3.939],[-6.688,-147.898],[-98.929,-49.126],[-53.114,40.692],[13.486,31.924],[20.57,46.892]],"o":[[-57.778,-2.929],[3.247,71.788],[19.083,9.476],[52.24,-40.022],[-20.842,-49.339],[-17.896,-40.798]],"v":[[-9.369,-162.043],[-140.65,24.725],[-82.787,322.653],[117.655,333.405],[155.972,139.733],[120.059,-86.793]],"c":true}]},{"i":{"x":0.667,"y":1},"o":{"x":0.333,"y":0},"t":90,"s":[{"i":[[77.695,3.939],[-6.688,-147.898],[-98.929,-49.126],[-53.114,40.692],[13.486,31.924],[20.57,46.892]],"o":[[-57.778,-2.929],[3.247,71.788],[19.083,9.476],[52.24,-40.022],[-20.842,-49.339],[-17.896,-40.798]],"v":[[-9.369,-162.043],[-140.65,24.725],[-94.317,323.662],[106.125,334.415],[144.442,140.743],[120.059,-86.793]],"c":true}]},{"i":{"x":0.667,"y":1},"o":{"x":0.333,"y":0},"t":100,"s":[{"i":[[77.695,3.939],[-6.688,-147.898],[-98.929,-49.126],[-53.114,40.692],[13.486,31.924],[20.57,46.892]],"o":[[-57.778,-2.929],[3.247,71.788],[19.083,9.476],[52.24,-40.022],[-20.842,-49.339],[-17.896,-40.798]],"v":[[-9.369,-162.043],[-140.65,24.725],[-94.317,323.662],[106.125,334.415],[144.442,140.743],[120.059,-86.793]],"c":true}]},{"i":{"x":0.667,"y":1},"o":{"x":0.333,"y":0},"t":109,"s":[{"i":[[77.695,3.939],[-6.688,-147.898],[-95.93,-54.751],[-55.373,37.561],[11.622,32.649],[20.57,46.892]],"o":[[-57.778,-2.929],[3.247,71.788],[18.505,10.561],[54.461,-36.943],[-17.961,-50.459],[-17.896,-40.798]],"v":[[-9.369,-162.043],[-140.65,24.725],[-115.953,318.379],[83.536,340.674],[132.959,149.535],[120.059,-86.793]],"c":true}]},{"i":{"x":0.667,"y":1},"o":{"x":0.333,"y":0},"t":115,"s":[{"i":[[77.695,3.939],[-6.688,-147.898],[-95.93,-54.751],[-55.373,37.561],[11.622,32.649],[20.57,46.892]],"o":[[-57.778,-2.929],[3.247,71.788],[18.505,10.561],[54.461,-36.943],[-17.961,-50.459],[-17.896,-40.798]],"v":[[-9.369,-162.043],[-140.65,24.725],[-115.953,318.379],[83.536,340.674],[132.959,149.535],[120.059,-86.793]],"c":true}]},{"i":{"x":0.667,"y":1},"o":{"x":0.333,"y":0},"t":126,"s":[{"i":[[77.695,3.939],[-6.688,-147.898],[-98.929,-49.126],[-53.114,40.692],[13.486,31.924],[20.57,46.892]],"o":[[-57.778,-2.929],[3.247,71.788],[19.083,9.476],[52.24,-40.022],[-20.842,-49.339],[-17.896,-40.798]],"v":[[-9.369,-162.043],[-140.65,24.725],[-82.787,322.653],[117.655,333.405],[155.972,139.733],[120.059,-86.793]],"c":true}]},{"i":{"x":0.667,"y":1},"o":{"x":0.333,"y":0},"t":132,"s":[{"i":[[77.695,3.939],[-6.688,-147.898],[-98.929,-49.126],[-53.114,40.692],[13.486,31.924],[20.57,46.892]],"o":[[-57.778,-2.929],[3.247,71.788],[19.083,9.476],[52.24,-40.022],[-20.842,-49.339],[-17.896,-40.798]],"v":[[-9.369,-162.043],[-140.65,24.725],[-82.787,322.653],[117.655,333.405],[155.972,139.733],[120.059,-86.793]],"c":true}]},{"i":{"x":0.667,"y":1},"o":{"x":0.333,"y":0},"t":140,"s":[{"i":[[77.695,3.939],[-6.688,-147.898],[-98.929,-49.126],[-53.114,40.692],[13.486,31.924],[20.57,46.892]],"o":[[-57.778,-2.929],[3.247,71.788],[19.083,9.476],[52.24,-40.022],[-20.842,-49.339],[-17.896,-40.798]],"v":[[-9.369,-162.043],[-140.65,24.725],[-94.317,323.662],[106.125,334.415],[144.442,140.743],[120.059,-86.793]],"c":true}]},{"i":{"x":0.667,"y":1},"o":{"x":0.333,"y":0},"t":150,"s":[{"i":[[77.695,3.939],[-6.688,-147.898],[-98.929,-49.126],[-53.114,40.692],[13.486,31.924],[20.57,46.892]],"o":[[-57.778,-2.929],[3.247,71.788],[19.083,9.476],[52.24,-40.022],[-20.842,-49.339],[-17.896,-40.798]],"v":[[-9.369,-162.043],[-140.65,24.725],[-94.317,323.662],[106.125,334.415],[144.442,140.743],[120.059,-86.793]],"c":true}]},{"i":{"x":0.667,"y":1},"o":{"x":0.333,"y":0},"t":159,"s":[{"i":[[77.695,3.939],[-6.688,-147.898],[-95.93,-54.751],[-55.373,37.561],[11.622,32.649],[20.57,46.892]],"o":[[-57.778,-2.929],[3.247,71.788],[18.505,10.561],[54.461,-36.943],[-17.961,-50.459],[-17.896,-40.798]],"v":[[-9.369,-162.043],[-140.65,24.725],[-115.953,318.379],[83.536,340.674],[132.959,149.535],[120.059,-86.793]],"c":true}]},{"i":{"x":0.667,"y":1},"o":{"x":0.333,"y":0},"t":165,"s":[{"i":[[77.695,3.939],[-6.688,-147.898],[-95.93,-54.751],[-55.373,37.561],[11.622,32.649],[20.57,46.892]],"o":[[-57.778,-2.929],[3.247,71.788],[18.505,10.561],[54.461,-36.943],[-17.961,-50.459],[-17.896,-40.798]],"v":[[-9.369,-162.043],[-140.65,24.725],[-115.953,318.379],[83.536,340.674],[132.959,149.535],[120.059,-86.793]],"c":true}]},{"i":{"x":0.667,"y":1},"o":{"x":0.333,"y":0},"t":176,"s":[{"i":[[77.695,3.939],[-6.688,-147.898],[-98.929,-49.126],[-53.114,40.692],[13.486,31.924],[20.57,46.892]],"o":[[-57.778,-2.929],[3.247,71.788],[19.083,9.476],[52.24,-40.022],[-20.842,-49.339],[-17.896,-40.798]],"v":[[-9.369,-162.043],[-140.65,24.725],[-82.787,322.653],[117.655,333.405],[155.972,139.733],[120.059,-86.793]],"c":true}]},{"i":{"x":0.667,"y":1},"o":{"x":0.333,"y":0},"t":182,"s":[{"i":[[77.695,3.939],[-6.688,-147.898],[-98.929,-49.126],[-53.114,40.692],[13.486,31.924],[20.57,46.892]],"o":[[-57.778,-2.929],[3.247,71.788],[19.083,9.476],[52.24,-40.022],[-20.842,-49.339],[-17.896,-40.798]],"v":[[-9.369,-162.043],[-140.65,24.725],[-82.787,322.653],[117.655,333.405],[155.972,139.733],[120.059,-86.793]],"c":true}]},{"i":{"x":0.667,"y":1},"o":{"x":0.333,"y":0},"t":190,"s":[{"i":[[77.695,3.939],[-6.688,-147.898],[-98.929,-49.126],[-53.114,40.692],[13.486,31.924],[20.57,46.892]],"o":[[-57.778,-2.929],[3.247,71.788],[19.083,9.476],[52.24,-40.022],[-20.842,-49.339],[-17.896,-40.798]],"v":[[-9.369,-162.043],[-140.65,24.725],[-94.317,323.662],[106.125,334.415],[144.442,140.743],[120.059,-86.793]],"c":true}]},{"t":200,"s":[{"i":[[77.695,3.939],[-6.688,-147.898],[-98.929,-49.126],[-53.114,40.692],[13.486,31.924],[20.57,46.892]],"o":[[-57.778,-2.929],[3.247,71.788],[19.083,9.476],[52.24,-40.022],[-20.842,-49.339],[-17.896,-40.798]],"v":[[-9.369,-162.043],[-140.65,24.725],[-94.317,323.662],[106.125,334.415],[144.442,140.743],[120.059,-86.793]],"c":true}]}],"ix":2},"nm":"Path 5","mn":"ADBE Vector Shape - Group","hd":false},{"ty":"fl","c":{"a":0,"k":[0.929411768913,0.149019613862,0.243137255311,1],"ix":4},"o":{"a":0,"k":100,"ix":5},"r":1,"bm":0,"nm":"Fill 2","mn":"ADBE Vector Graphic - Fill","hd":false},{"ty":"tr","p":{"a":0,"k":[2050.735,1733.971],"ix":2},"a":{"a":0,"k":[0,122.321],"ix":1},"s":{"a":0,"k":[100,100],"ix":3},"r":{"a":1,"k":[{"i":{"x":[0.28],"y":[1]},"o":{"x":[0.333],"y":[0]},"t":0,"s":[0]},{"i":{"x":[0.28],"y":[1]},"o":{"x":[0.333],"y":[0]},"t":9,"s":[-4.928]},{"i":{"x":[0.28],"y":[1]},"o":{"x":[0.333],"y":[0]},"t":15,"s":[-4.928]},{"i":{"x":[0.28],"y":[1]},"o":{"x":[0.333],"y":[0]},"t":26,"s":[5.005]},{"i":{"x":[0.28],"y":[1]},"o":{"x":[0.333],"y":[0]},"t":32,"s":[5.005]},{"i":{"x":[0.28],"y":[1]},"o":{"x":[0.333],"y":[0]},"t":40,"s":[0]},{"t":50,"s":[0]}],"ix":6,"x":"var $bm_rt;\n$bm_rt = loopOut();"},"o":{"a":0,"k":100,"ix":7},"sk":{"a":0,"k":0,"ix":4},"sa":{"a":0,"k":0,"ix":5},"nm":"Transform"}],"nm":"hair back","np":2,"cix":2,"bm":0,"ix":11,"mn":"ADBE Vector Group","hd":false},{"ty":"tr","p":{"a":1,"k":[{"i":{"x":0.667,"y":1},"o":{"x":0.333,"y":0},"t":0,"s":[-489.286,124],"to":[0,0],"ti":[0,0]},{"i":{"x":0.667,"y":1},"o":{"x":0.333,"y":0},"t":25,"s":[-489.286,165],"to":[0,0],"ti":[0,0]},{"t":50,"s":[-489.286,124]}],"ix":2,"x":"var $bm_rt;\n$bm_rt = loopOut();"},"a":{"a":0,"k":[0,0],"ix":1},"s":{"a":0,"k":[100,100],"ix":3,"x":"var $bm_rt;\n$bm_rt = content('man 1').transform.scale;"},"r":{"a":0,"k":0,"ix":6},"o":{"a":0,"k":100,"ix":7},"sk":{"a":0,"k":0,"ix":4},"sa":{"a":0,"k":0,"ix":5},"nm":"Transform"}],"nm":"man 1","np":11,"cix":2,"bm":0,"ix":1,"mn":"ADBE Vector Group","hd":false},{"ty":"gr","it":[{"ind":0,"ty":"sh","ix":1,"ks":{"a":0,"k":{"i":[[58.19,0],[116.77,9.96],[120.35,0],[50.3,-3.61],[60.88,0],[-436.631,22.68],[-310.57,0],[-8.3,-0.02],[443.02,-28]],"o":[[-140.26,0],[-116.78,-9.97],[-46.89,0],[-61.24,4.41],[-298.972,0],[511,-26.53],[8.85,0],[347.3,0.87],[-65.53,4.14]],"v":[[452.18,68.28],[73.38,48.35],[-275.519,28.41],[-420.919,33.54],[-606.62,39.86],[-702.16,-28.87],[765.75,-68.28],[791.49,-68.25],[637.271,62.42]],"c":true},"ix":2},"nm":"Path 1","mn":"ADBE Vector Shape - Group","hd":false},{"ty":"fl","c":{"a":0,"k":[0.078431375325,0.086274512112,0.098039217293,1],"ix":4},"o":{"a":0,"k":100,"ix":5},"r":1,"bm":0,"nm":"Fill 1","mn":"ADBE Vector Graphic - Fill","hd":false},{"ty":"tr","p":{"a":0,"k":[1570.941,2639.887],"ix":2},"a":{"a":0,"k":[0,0],"ix":1},"s":{"a":1,"k":[{"i":{"x":[0.833,0.833],"y":[0.833,0.833]},"o":{"x":[0.167,0.167],"y":[0.167,0.167]},"t":0,"s":[67.167,100]},{"i":{"x":[0.833,0.833],"y":[0.833,0.833]},"o":{"x":[0.167,0.167],"y":[0.167,0.167]},"t":25,"s":[63.23,100]},{"t":50,"s":[67.167,100]}],"ix":3,"x":"var $bm_rt;\n$bm_rt = loopOut();"},"r":{"a":0,"k":0,"ix":6},"o":{"a":1,"k":[{"i":{"x":[0.667],"y":[1]},"o":{"x":[0.333],"y":[0]},"t":0,"s":[100]},{"i":{"x":[0.667],"y":[1]},"o":{"x":[0.333],"y":[0]},"t":25,"s":[100]},{"t":50,"s":[100]}],"ix":7,"x":"var $bm_rt;\n$bm_rt = loopOut();"},"sk":{"a":0,"k":0,"ix":4},"sa":{"a":0,"k":0,"ix":5},"nm":"Transform"}],"nm":"bg","np":2,"cix":2,"bm":0,"ix":2,"mn":"ADBE Vector Group","hd":false}],"ip":0,"op":200,"st":0,"bm":0}],"markers":[]}